ID,Name,Age,Position,Email
8,Laura White,27,Graphic Designer,laurawhite@example.com
42,Elliot Clark,35,Project Manager,elliotclark@example.com
69,Jordan Kelly,27,Software Tester,jordankelly@example.com
65,Kennedy Barnes,28,UX Designer,kennedybarnes@example.com
16,Olivia Rodriguez,24,UX Researcher,oliviarodriguez@example.com
98,Riley Hughes,32,Software Architect,rileyhughes@example.com
79,Spencer Rivera,30,Data Analyst,spencerrivera@example.com
87,Marley Bennett,32,Product Manager,marleybennett@example.com
81,Rylan Patterson,35,Project Manager,rylanpatterson@example.com
9,James Taylor,33,Product Manager,jamestaylor@example.com
25,Mason Rivera,34,Frontend Developer,masonrivera@example.com
63,Skylar Patterson,31,Data Engineer,skylarpatterson@example.com
21,Ethan Moore,32,Software Architect,ethanmoore@example.com
90,Hayden Peterson,35,Business Analyst,haydenpeterson@example.com
30,Amelia Bennett,28,Software Tester,ameliabennett@example.com
47,Madison Reed,27,Graphic Designer,madisonreed@example.com
94,Jordan Gray,28,DevOps Engineer,jordangray@example.com
26,Charlotte King,29,UX Designer,charlotteking@example.com
86,Oakley Peterson,27,Graphic Designer,oakleypeterson@example.com
44,Nolan Rodriguez,29,UX Designer,nolanrodriguez@example.com
48,Landon Baker,32,Product Manager,landonbaker@example.com
57,Aaliyah Ward,27,Web Designer,aaliyahward@example.com
37,Grace Mitchell,27,UX Developer,gracemitchell@example.com
72,Morgan Peterson,29,Product Owner,morganpeterson@example.com
68,Rowan Russell,36,Cybersecurity Analyst,rowanrussell@example.com
38,Leo Green,32,Technical Support Engineer,leogreen@example.com
29,Liam Hill,35,Cybersecurity Analyst,liamhill@example.com
49,Brooklyn Ward,30,Data Scientist,brooklynward@example.com
76,Riley Gray,37,UX Developer,rileygray@example.com
67,Peyton James,25,Scrum Master,peytonjames@example.com
70,Hazel Price,30,Full Stack Developer,hazelprice@example.com
28,Evelyn Cooper,33,Scrum Master,evelyncooper@example.com
73,Quinn Cooper,38,Mobile App Developer,quinncooper@example.com
97,Morgan Cooper,27,Content Manager,morgancooper@example.com
3,Bob Johnson,35,Project Manager,bobjohnson@example.com
18,Sophia Lopez,27,Web Designer,sophialopez@example.com
51,Aubrey Fisher,34,Software Developer,aubreyfisher@example.com
54,Xander Howard,24,Database Administrator,xanderhoward@example.com
5,Michael Lee,32,UX Designer,michaellee@example.com
99,Rowan Peterson,26,Quality Assurance Tester,rowanpeterson@example.com
23,Aiden Smith,30,Network Engineer,aidensmith@example.com
56,Ezra Ramirez,37,DevOps Engineer,ezraramirez@example.com
39,Zoey Lewis,30,IT Manager,zoeylewis@example.com
14,Megan Anderson,29,Marketing Specialist,megananderson@example.com
40,Lincoln Adams,28,Data Analyst,lincolnadams@example.com
33,Sofia Scott,37,Product Owner,sofiascott@example.com
35,Harper Torres,29,Backend Developer,harpertorres@example.com
46,Kai Morris,36,Systems Architect,kaimorris@example.com
11,Matthew Wilson,36,IT Consultant,matthewwilson@example.com
2,Alice Smith,25,Data Analyst,alicesmith@example.com
71,Carter Hughes,32,Data Entry Clerk,carterhughes@example.com
95,Skyler Foster,33,Web Designer,skylerfoster@example.com
89,Reese Cooper,30,Software Developer,reesecooper@example.com
61,Delilah Phillips,35,Quality Assurance Tester,delilahphillips@example.com
93,Kai Foster,34,UX Researcher,kaifoster@example.com
41,Aria Hill,33,Software Engineer,ariahill@example.com
92,Casey Rivera,31,Database Administrator,caseyrivera@example.com
55,Maya Perry,31,UX Researcher,mayaperry@example.com
45,Harmony Flores,31,UI Developer,harmonyflores@example.com
58,Jaxson Washington,32,Technical Lead,jaxsonwashington@example.com
88,Sawyer Hughes,29,Data Scientist,sawyerhughes@example.com
36,Alexis Barnes,31,System Administrator,alexisbarnes@example.com
77,Finley Foster,27,Technical Support Engineer,finleyfoster@example.com
6,Sarah Miller,29,UI Developer,sarahmiller@example.com
85,Archer Russell,36,Systems Architect,archerrussell@example.com
78,Reagan Morgan,32,IT Manager,reaganmorgan@example.com
64,Taylor Perry,34,Frontend Developer,taylorperry@example.com
1,John Doe,30,Software Engineer,johndoe@example.com
24,Chloe Nguyen,25,Data Engineer,chloenguyen@example.com
31,Lucas Hall,30,Full Stack Developer,lucashall@example.com
20,Isabella Perez,28,Content Manager,isabellaperez@example.com
60,Adrian Cruz,30,Software Architect,adriancruz@example.com
66,Hudson Butler,33,Project Coordinator,hudsonbutler@example.com
84,Phoenix Phillips,31,UI Developer,phoenixphillips@example.com
96,Parker Bennett,36,Technical Lead,parkerbennett@example.com
34,Jack Wright,24,Mobile App Developer,jackwright@example.com
74,Ellis Bennett,24,Backend Developer,ellisbennett@example.com
80,Payton Barnes,33,Software Engineer,paytonbarnes@example.com
17,Daniel Hernandez,37,DevOps Engineer,danielhernandez@example.com
19,William Gonzalez,39,Technical Lead,williamgonzalez@example.com
43,Aurora Young,26,Marketing Coordinator,aurorayoung@example.com
4,Emily Brown,28,Marketing Coordinator,emilybrown@example.com
82,Bailey Cooper,26,Marketing Coordinator,baileycooper@example.com
7,David Jones,40,Systems Architect,davidjones@example.com
27,Logan Taylor,31,Project Coordinator,logantaylor@example.com
91,Taylor Morgan,24,Marketing Specialist,taylormorgan@example.com